[
    
    {
        "nombre": "Roberto",
        "apellido": "Pérez",
        "id": "502",
        "prom": "6.67",
        "est":"DESAPROBADO"
    },

    {
        "nombre": "Alejandro",
        "apellido": "Fernández",
        "id": "506",
        "prom": "7.00",
        "est":"APROBADO"
    },

    {
        "nombre": "Juan",
        "apellido": "Rodríguez",
        "id": "690",
        "prom": "4.33",
        "est":"DESAPROBADO"
    },

    {
        "nombre": "Marcelo",
        "apellido": "Gutiérrez",
        "id": "580",
        "prom": "8.00",
        "est":"APROBADO"
    },

    {
        "nombre": "Pedro",
        "apellido": "González",
        "id": "745",
        "prom": "7.33",
        "est":"APROBADO"
    }
 
]